0,1176.0361389005016,G:\マイドライブ\2020\04_Master\2006_Generation-algorithm\RhinoModel\timbers\timber_1\timber_1.csv
1,833.01500586724137,G:\マイドライブ\2020\04_Master\2006_Generation-algorithm\RhinoModel\timbers\timber_2\timber_2.csv
2,1568.0041454026837,G:\マイドライブ\2020\04_Master\2006_Generation-algorithm\RhinoModel\timbers\timber_3\timber_3.csv
3,1029.0252669395441,G:\マイドライブ\2020\04_Master\2006_Generation-algorithm\RhinoModel\timbers\timber_4\timber_4.csv
4,686.06486573792722,G:\マイドライブ\2020\04_Master\2006_Generation-algorithm\RhinoModel\timbers\timber_5\timber_5.csv
5,833.02701036641065,G:\マイドライブ\2020\04_Master\2006_Generation-algorithm\RhinoModel\timbers\timber_6\timber_6.csv
6,1176.0552708100074,G:\マイドライブ\2020\04_Master\2006_Generation-algorithm\RhinoModel\timbers\timber_7\timber_7.csv
7,1764.0082199354968,G:\マイドライブ\2020\04_Master\2006_Generation-algorithm\RhinoModel\timbers\timber_8\timber_8.csv
8,1225.0020408146265,G:\マイドライブ\2020\04_Master\2006_Generation-algorithm\RhinoModel\timbers\timber_9\timber_9.csv
9,1029.0155489592953,G:\マイドライブ\2020\04_Master\2006_Generation-algorithm\RhinoModel\timbers\timber_10\timber_10.csv
10,735.01088427315142,G:\マイドライブ\2020\04_Master\2006_Generation-algorithm\RhinoModel\timbers\timber_11\timber_11.csv
11,1225.0265303249557,G:\マイドライブ\2020\04_Master\2006_Generation-algorithm\RhinoModel\timbers\timber_12\timber_12.csv
12,1372.0105684724151,G:\マイドライブ\2020\04_Master\2006_Generation-algorithm\RhinoModel\timbers\timber_13\timber_13.csv
13,1274.0078492693835,G:\マイドライブ\2020\04_Master\2006_Generation-algorithm\RhinoModel\timbers\timber_14\timber_14.csv
14,980.05561066706832,G:\マイドライブ\2020\04_Master\2006_Generation-algorithm\RhinoModel\timbers\timber_15\timber_15.csv
15,833.06782436966091,G:\マイドライブ\2020\04_Master\2006_Generation-algorithm\RhinoModel\timbers\timber_16\timber_16.csv
16,1519.0190913875967,G:\マイドライブ\2020\04_Master\2006_Generation-algorithm\RhinoModel\timbers\timber_17\timber_17.csv
17,833.0078030847011,G:\マイドライブ\2020\04_Master\2006_Generation-algorithm\RhinoModel\timbers\timber_18\timber_18.csv
18,882.04818462485366,G:\マイドライブ\2020\04_Master\2006_Generation-algorithm\RhinoModel\timbers\timber_19\timber_19.csv
19,1568.0092474217106,G:\マイドライブ\2020\04_Master\2006_Generation-algorithm\RhinoModel\timbers\timber_20\timber_20.csv
20,1372.0014577251732,G:\マイドライブ\2020\04_Master\2006_Generation-algorithm\RhinoModel\timbers\timber_21\timber_21.csv
21,1519.0164581070214,G:\マイドライブ\2020\04_Master\2006_Generation-algorithm\RhinoModel\timbers\timber_22\timber_22.csv
22,735.02312888779215,G:\マイドライブ\2020\04_Master\2006_Generation-algorithm\RhinoModel\timbers\timber_23\timber_23.csv
23,1078.0018552859731,G:\マイドライブ\2020\04_Master\2006_Generation-algorithm\RhinoModel\timbers\timber_24\timber_24.csv
24,1323.0094481899969,G:\マイドライブ\2020\04_Master\2006_Generation-algorithm\RhinoModel\timbers\timber_25\timber_25.csv
25,833.02220858750218,G:\マイドライブ\2020\04_Master\2006_Generation-algorithm\RhinoModel\timbers\timber_26\timber_26.csv
26,980.01326521634394,G:\マイドライブ\2020\04_Master\2006_Generation-algorithm\RhinoModel\timbers\timber_27\timber_27.csv
27,1568.0130739250869,G:\マイドライブ\2020\04_Master\2006_Generation-algorithm\RhinoModel\timbers\timber_28\timber_28.csv
28,1519.0263328856418,G:\マイドライブ\2020\04_Master\2006_Generation-algorithm\RhinoModel\timbers\timber_29\timber_29.csv
29,1421.0014074588385,G:\マイドライブ\2020\04_Master\2006_Generation-algorithm\RhinoModel\timbers\timber_30\timber_30.csv
30,1764.0056689251314,G:\マイドライブ\2020\04_Master\2006_Generation-algorithm\RhinoModel\timbers\timber_31\timber_31.csv
31,1274.0051020306003,G:\マイドライブ\2020\04_Master\2006_Generation-algorithm\RhinoModel\timbers\timber_32\timber_32.csv
32,882.0600886560959,G:\マイドライブ\2020\04_Master\2006_Generation-algorithm\RhinoModel\timbers\timber_33\timber_33.csv
33,931.01987089427894,G:\マイドライブ\2020\04_Master\2006_Generation-algorithm\RhinoModel\timbers\timber_34\timber_34.csv
34,1666.0123048765277,G:\マイドライブ\2020\04_Master\2006_Generation-algorithm\RhinoModel\timbers\timber_35\timber_35.csv
35,1519.033245192481,G:\マイドライブ\2020\04_Master\2006_Generation-algorithm\RhinoModel\timbers\timber_36\timber_36.csv
36,980.01020402850907,G:\マイドライブ\2020\04_Master\2006_Generation-algorithm\RhinoModel\timbers\timber_37\timber_37.csv
37,1568.0041454026837,G:\マイドライブ\2020\04_Master\2006_Generation-algorithm\RhinoModel\timbers\timber_38\timber_38.csv
38,931.0397413644597,G:\マイドライブ\2020\04_Master\2006_Generation-algorithm\RhinoModel\timbers\timber_39\timber_39.csv
39,1862.0010741135461,G:\マイドライブ\2020\04_Master\2006_Generation-algorithm\RhinoModel\timbers\timber_40\timber_40.csv
40,1274.0156984904072,G:\マイドライブ\2020\04_Master\2006_Generation-algorithm\RhinoModel\timbers\timber_41\timber_41.csv
41,1715.0075801581754,G:\マイドライブ\2020\04_Master\2006_Generation-algorithm\RhinoModel\timbers\timber_42\timber_42.csv
42,1911.034013302746,G:\マイドライブ\2020\04_Master\2006_Generation-algorithm\RhinoModel\timbers\timber_43\timber_43.csv
43,1225.0053061109572,G:\マイドライブ\2020\04_Master\2006_Generation-algorithm\RhinoModel\timbers\timber_44\timber_44.csv
44,1519.0134956609172,G:\マイドライブ\2020\04_Master\2006_Generation-algorithm\RhinoModel\timbers\timber_45\timber_45.csv
45,980.00408162415317,G:\マイドライブ\2020\04_Master\2006_Generation-algorithm\RhinoModel\timbers\timber_46\timber_46.csv
46,1127.0164151422109,G:\マイドライブ\2020\04_Master\2006_Generation-algorithm\RhinoModel\timbers\timber_47\timber_47.csv
47,1127.0057675096432,G:\マイドライブ\2020\04_Master\2006_Generation-algorithm\RhinoModel\timbers\timber_48\timber_48.csv
48,1666.0123048765277,G:\マイドライブ\2020\04_Master\2006_Generation-algorithm\RhinoModel\timbers\timber_49\timber_49.csv
49,882.02324232414639,G:\マイドライブ\2020\04_Master\2006_Generation-algorithm\RhinoModel\timbers\timber_50\timber_50.csv
50,1666.0015005995642,G:\マイドライブ\2020\04_Master\2006_Generation-algorithm\RhinoModel\timbers\timber_51\timber_51.csv
51,980.03775437479942,G:\マイドライブ\2020\04_Master\2006_Generation-algorithm\RhinoModel\timbers\timber_52\timber_52.csv
52,1813.001378929426,G:\マイドライブ\2020\04_Master\2006_Generation-algorithm\RhinoModel\timbers\timber_53\timber_53.csv
53,1813.0068946366421,G:\マイドライブ\2020\04_Master\2006_Generation-algorithm\RhinoModel\timbers\timber_54\timber_54.csv
54,1764.0045351415627,G:\マイドライブ\2020\04_Master\2006_Generation-algorithm\RhinoModel\timbers\timber_55\timber_55.csv
55,931.01557452064139,G:\マイドライブ\2020\04_Master\2006_Generation-algorithm\RhinoModel\timbers\timber_56\timber_56.csv
56,1911.0044479278429,G:\マイドライブ\2020\04_Master\2006_Generation-algorithm\RhinoModel\timbers\timber_57\timber_57.csv
57,686.0131194080767,G:\マイドライブ\2020\04_Master\2006_Generation-algorithm\RhinoModel\timbers\timber_58\timber_58.csv
58,1715.0072886142495,G:\マイドライブ\2020\04_Master\2006_Generation-algorithm\RhinoModel\timbers\timber_59\timber_59.csv
59,1176.0004251699913,G:\マイドライブ\2020\04_Master\2006_Generation-algorithm\RhinoModel\timbers\timber_60\timber_60.csv
60,1029.0165207614502,G:\マイドライブ\2020\04_Master\2006_Generation-algorithm\RhinoModel\timbers\timber_61\timber_61.csv
61,1078.0417431621097,G:\マイドライブ\2020\04_Master\2006_Generation-algorithm\RhinoModel\timbers\timber_62\timber_62.csv
62,686.02113670061215,G:\マイドライブ\2020\04_Master\2006_Generation-algorithm\RhinoModel\timbers\timber_63\timber_63.csv
63,1274.0176607881069,G:\マイドライブ\2020\04_Master\2006_Generation-algorithm\RhinoModel\timbers\timber_64\timber_64.csv
64,1078.0078849433337,G:\マイドライブ\2020\04_Master\2006_Generation-algorithm\RhinoModel\timbers\timber_65\timber_65.csv
65,1764.0056689251314,G:\マイドライブ\2020\04_Master\2006_Generation-algorithm\RhinoModel\timbers\timber_66\timber_66.csv
66,1127.0603355632741,G:\マイドライブ\2020\04_Master\2006_Generation-algorithm\RhinoModel\timbers\timber_67\timber_67.csv
67,931.00268528076754,G:\マイドライブ\2020\04_Master\2006_Generation-algorithm\RhinoModel\timbers\timber_68\timber_68.csv
68,1911.0034013575173,G:\マイドライブ\2020\04_Master\2006_Generation-algorithm\RhinoModel\timbers\timber_69\timber_69.csv
69,1372.0058308913997,G:\マイドライブ\2020\04_Master\2006_Generation-algorithm\RhinoModel\timbers\timber_70\timber_70.csv
70,833.01080425166163,G:\マイドライブ\2020\04_Master\2006_Generation-algorithm\RhinoModel\timbers\timber_71\timber_71.csv
71,980.00255101708785,G:\マイドライブ\2020\04_Master\2006_Generation-algorithm\RhinoModel\timbers\timber_72\timber_72.csv
72,1029.0121476445261,G:\マイドライブ\2020\04_Master\2006_Generation-algorithm\RhinoModel\timbers\timber_73\timber_73.csv
73,1225.0040816258531,G:\マイドライブ\2020\04_Master\2006_Generation-algorithm\RhinoModel\timbers\timber_74\timber_74.csv
74,1372.0032798794614,G:\マイドライブ\2020\04_Master\2006_Generation-algorithm\RhinoModel\timbers\timber_75\timber_75.csv
75,735.03537329845562,G:\マイドライブ\2020\04_Master\2006_Generation-algorithm\RhinoModel\timbers\timber_76\timber_76.csv
76,1274.0078492693835,G:\マイドライブ\2020\04_Master\2006_Generation-algorithm\RhinoModel\timbers\timber_77\timber_77.csv
77,1274.0133437291777,G:\マイドライブ\2020\04_Master\2006_Generation-algorithm\RhinoModel\timbers\timber_78\timber_78.csv
78,1568.0063775380506,G:\マイドライブ\2020\04_Master\2006_Generation-algorithm\RhinoModel\timbers\timber_79\timber_79.csv
79,1176.0004251699913,G:\マイドライブ\2020\04_Master\2006_Generation-algorithm\RhinoModel\timbers\timber_80\timber_80.csv
80,1666.0270105853626,G:\マイドライブ\2020\04_Master\2006_Generation-algorithm\RhinoModel\timbers\timber_81\timber_81.csv
81,1176.0106292036648,G:\マイドライブ\2020\04_Master\2006_Generation-algorithm\RhinoModel\timbers\timber_82\timber_82.csv
82,1421.0204080167182,G:\マイドライブ\2020\04_Master\2006_Generation-algorithm\RhinoModel\timbers\timber_83\timber_83.csv
83,1225.0326526260433,G:\マイドライブ\2020\04_Master\2006_Generation-algorithm\RhinoModel\timbers\timber_84\timber_84.csv
84,1176.0212583112602,G:\マイドライブ\2020\04_Master\2006_Generation-algorithm\RhinoModel\timbers\timber_85\timber_85.csv
85,1862.0067131994988,G:\マイドライブ\2020\04_Master\2006_Generation-algorithm\RhinoModel\timbers\timber_86\timber_86.csv
86,1764.0005668933329,G:\マイドライブ\2020\04_Master\2006_Generation-algorithm\RhinoModel\timbers\timber_87\timber_87.csv
87,1225.0106121989313,G:\マイドライブ\2020\04_Master\2006_Generation-algorithm\RhinoModel\timbers\timber_88\timber_88.csv
88,1568.0028698953329,G:\マイドライブ\2020\04_Master\2006_Generation-algorithm\RhinoModel\timbers\timber_89\timber_89.csv
89,686.01822133234919,G:\マイドライブ\2020\04_Master\2006_Generation-algorithm\RhinoModel\timbers\timber_90\timber_90.csv
90,1862.0026852827041,G:\マイドライブ\2020\04_Master\2006_Generation-algorithm\RhinoModel\timbers\timber_91\timber_91.csv
91,1519.0348909751874,G:\マイドライブ\2020\04_Master\2006_Generation-algorithm\RhinoModel\timbers\timber_92\timber_92.csv
92,1372.0131194708015,G:\マイドライブ\2020\04_Master\2006_Generation-algorithm\RhinoModel\timbers\timber_93\timber_93.csv
93,1176.0085033706177,G:\マイドライブ\2020\04_Master\2006_Generation-algorithm\RhinoModel\timbers\timber_94\timber_94.csv
94,1764.0172901646968,G:\マイドライブ\2020\04_Master\2006_Generation-algorithm\RhinoModel\timbers\timber_95\timber_95.csv
95,833.06542360129208,G:\マイドライブ\2020\04_Master\2006_Generation-algorithm\RhinoModel\timbers\timber_96\timber_96.csv
96,931.01825975648831,G:\マイドライブ\2020\04_Master\2006_Generation-algorithm\RhinoModel\timbers\timber_97\timber_97.csv
97,686.01239055865449,G:\マイドライブ\2020\04_Master\2006_Generation-algorithm\RhinoModel\timbers\timber_98\timber_98.csv
98,1127.05545560101,G:\マイドライブ\2020\04_Master\2006_Generation-algorithm\RhinoModel\timbers\timber_99\timber_99.csv
99,686.01822133234919,G:\マイドライブ\2020\04_Master\2006_Generation-algorithm\RhinoModel\timbers\timber_100\timber_100.csv
